;Time;Treasury_Yield;Federal_Funds_Rate;Inflation;SP500;Apple2
0;01/12/2022;4.29;4.1;-0.0030700914645410723;3839.5;129.929993
1;01/11/2022;4.5;3.78;-0.0010100264418882049;4080.110107;148.029999
2;01/10/2022;4.38;3.08;0.004056494434112315;3871.97998;153.339996
3;01/09/2022;3.86;2.56;0.002150784513000937;3585.620117;138.199997
4;01/08/2022;3.25;2.33;-0.0003543992763504914;3955.0;157.220001
5;01/07/2022;3.04;1.68;-0.00011811913833765257;4130.290039;162.509995
6;01/06/2022;3.0;1.21;0.01373607575881978;3785.379883;136.720001
7;01/05/2022;2.62;0.77;0.011023523999598809;4132.149902;148.839996
8;01/04/2022;2.54;0.33;0.00558253102565516;4131.930176;157.649994
9;01/03/2022;1.91;0.2;0.013351379548562685;4530.410156;174.610001
10;01/02/2022;1.44;0.08;0.009133979256476956;4373.939941;165.119995
11;01/01/2022;0.98;0.08;0.008414573783545324;4515.549805;174.779999
12;01/12/2021;0.68;0.08;0.0030725171614835937;4766.180176;177.570007
13;01/11/2021;0.51;0.08;0.004913427504347536;4567.0;165.300003
14;01/10/2021;0.39;0.08;0.008308118552003195;4605.379883;149.800003
15;01/09/2021;0.24;0.08;0.0027159708590582744;4307.540039;141.5
16;01/08/2021;0.22;0.09;0.0020659113636114675;4522.680176;151.830002
17;01/07/2021;0.22;0.1;0.004810523526293944;4395.259766;145.860001
18;01/06/2021;0.2;0.08;0.00929066290235715;4297.5;136.960007
19;01/05/2021;0.16;0.06;0.00801710515476278;4204.109863;124.610001
20;01/04/2021;0.16;0.07;0.008218909154060051;4181.169922;131.460007
21;01/03/2021;0.15;0.07;0.0070832731337495325;3972.889893;122.150002
22;01/02/2021;0.12;0.08;0.005474382793923192;3811.149902;121.260002
23;01/01/2021;0.13;0.09;0.004253783487027512;3714.23999;131.960007
24;01/12/2020;0.14;0.09;0.000941478467042507;3756.070068;132.690002
25;01/11/2020;0.17;0.09;-0.0006106272178441089;3621.629883;119.050003
26;01/10/2020;0.15;0.09;0.00041493775933611535;3269.959961;108.860001
27;01/09/2020;0.13;0.09;0.0013927469432665931;3363.0;115.809998
28;01/08/2020;0.14;0.1;0.003153210524081371;3500.310059;129.039993
29;01/07/2020;0.15;0.09;0.0050582435016698155;3271.120117;106.260002
30;01/06/2020;0.19;0.08;0.005472046927775299;3100.290039;91.199997
31;01/05/2020;0.17;0.05;1.9501616684005367e-05;3044.310059;79.485001
32;01/04/2020;0.22;0.05;-0.006686941866997265;2912.429932;73.449997
33;01/03/2020;0.45;0.65;-0.002176451031784644;2584.590088;63.572498
34;01/02/2020;1.33;1.58;0.002740618131495376;2954.219971;68.339996
35;01/01/2020;1.52;1.55;0.0038797699378147754;3225.52002;77.377502
36;01/12/2019;1.61;1.55;-0.0009097695250537979;3230.780029;73.412498
37;01/11/2019;1.61;1.55;-0.0005362430346691878;3140.97998;66.8125
38;01/10/2019;1.55;1.83;0.0022861905522298695;3037.560059;62.189999
39;01/09/2019;1.65;2.04;0.000783448576930058;2976.73999;55.9925
40;01/08/2019;1.57;2.13;-5.066823608293084e-05;2926.459961;52.185001
41;01/07/2019;1.84;2.4;0.0016709416224532942;2980.379883;53.259998
42;01/06/2019;1.81;2.38;0.0001991471814816071;2941.76001;49.48
43;01/05/2019;2.21;2.39;0.002128758589384314;2752.060059;43.767502
44;01/04/2019;2.34;2.42;0.0052950016128905505;2945.830078;50.1675
45;01/03/2019;2.41;2.41;0.005641358356805977;2834.399902;47.487499
46;01/02/2019;2.5;2.4;0.004227053140096703;2784.48999;43.287498
47;01/01/2019;2.54;2.4;0.001906596665246942;2704.100098;41.610001
48;01/12/2018;2.68;2.27;-0.003193962815131079;2506.850098;39.435001
49;01/11/2018;2.86;2.2;-0.003349348518101034;2760.169922;44.645
50;01/10/2018;2.86;2.19;0.0017667634557259296;2711.73999;54.715
51;01/09/2018;2.77;1.95;0.0011620251758901843;2913.97998;56.435001
52;01/08/2018;2.64;1.91;0.0005555423283572072;2901.52002;56.907501
53;01/07/2018;2.61;1.91;6.746326228524225e-05;2816.290039;47.572498
54;01/06/2018;2.53;1.82;0.0015938757015438354;2718.370117;46.2775
55;01/05/2018;2.51;1.7;0.004158916925434857;2705.27002;46.717499
56;01/04/2018;2.38;1.69;0.003975091563348975;2648.050049;41.314999
57;01/03/2018;2.28;1.51;0.002261125904149098;2640.870117;41.945
58;01/02/2018;2.18;1.42;0.004534689974865649;2713.830078;44.529999
59;01/01/2018;2.03;1.41;0.005447745452775345;2823.810059;41.857498
60;01/12/2017;1.84;1.3;-0.0005878322772622836;2673.610107;42.307499
61;01/11/2017;1.7;1.16;2.432468590749414e-05;2647.580078;42.962502
62;01/10/2017;1.55;1.15;-0.0006320421037277418;2575.26001;42.259998
63;01/09/2017;1.38;1.15;0.005294905893230189;2519.360107;38.529999
64;01/08/2017;1.34;1.16;0.0029944522971085113;2471.649902;41.0
65;01/07/2017;1.37;1.15;-0.0006899226388520795;2470.300049;37.182499
66;01/06/2017;1.34;1.04;0.0009071110148611279;2423.409912;36.005001
67;01/05/2017;1.3;0.91;0.0008547218268963503;2411.800049;38.189999
68;01/04/2017;1.24;0.9;0.0029655333653266936;2384.199951;35.912498
69;01/03/2017;1.31;0.79;0.0008127978719473039;2362.719971;35.915001
70;01/02/2017;1.2;0.66;0.003146117386416556;2363.639893;34.247501
71;01/01/2017;1.21;0.65;0.005827727890254857;2278.870117;30.3375
72;01/12/2016;1.2;0.54;0.00032732139231739113;2238.830078;28.955
73;01/11/2016;0.98;0.41;-0.0015554608673349277;2198.810059;27.629999
74;01/10/2016;0.84;0.4;0.0012467485130142988;2126.149902;28.385
75;01/09/2016;0.77;0.4;0.0024039958646289075;2168.27002;28.262501
76;01/08/2016;0.74;0.4;0.0009184301078843844;2170.949951;26.525
77;01/07/2016;0.67;0.39;-0.001618136404749914;2173.600098;26.0525
78;01/06/2016;0.73;0.38;0.0032843661672819985;2098.860107;23.9
79;01/05/2016;0.82;0.37;0.004045790998115103;2096.949951;24.965
80;01/04/2016;0.77;0.37;0.004741067979103987;2065.300049;23.434999
81;01/03/2016;0.88;0.36;0.00430600014339282;2059.73999;27.247499
82;01/02/2016;0.73;0.38;0.0008230765334548666;1932.22998;24.172501
83;01/01/2016;0.9;0.34;0.0016531022090687712;1940.23999;24.334999
84;01/12/2015;0.98;0.24;-0.0034170964371187137;2043.939941;26.315001
85;01/11/2015;0.88;0.12;-0.0021106803790814804;2080.409912;29.575001
86;01/10/2015;0.64;0.12;-0.0004496837504465289;2079.360107;29.875
87;01/09/2015;0.71;0.14;-0.0015567565753034178;1920.030029;27.575001
88;01/08/2015;0.7;0.14;-0.0014162762828194536;1972.180054;28.190001
89;01/07/2015;0.67;0.13;6.704715929563243e-05;2103.840088;30.325001
90;01/06/2015;0.69;0.13;0.003502869998528199;2063.110107;31.3575
91;01/05/2015;0.61;0.12;0.005097232025494686;2107.389893;32.57
92;01/04/2015;0.54;0.12;0.0020328732545876857;2085.51001;31.2875
93;01/03/2015;0.64;0.11;0.005951721611097346;2067.889893;31.1075
94;01/02/2015;0.62;0.11;0.004343044923772137;2104.5;32.115002
95;01/01/2015;0.55;0.11;-0.004705892373473324;1994.98999;29.290001
96;01/12/2014;0.64;0.12;-0.0056701009100109615;2058.899902;27.594999
97;01/11/2014;0.53;0.09;-0.0053994179410611935;2067.560059;29.7325
98;01/10/2014;0.45;0.09;-0.0025122778125538825;2018.050049;27.0
99;01/09/2014;0.57;0.09;0.0007525688243109246;1972.290039;25.1875
100;01/08/2014;0.47;0.09;-0.0016705141657922188;2003.369995;25.625
101;01/07/2014;0.51;0.09;-0.00039019396416084935;1930.670044;23.9
102;01/06/2014;0.45;0.1;0.0018621269440940883;1960.22998;23.2325
103;01/05/2014;0.39;0.09;0.003492609840048605;1923.569946;22.607143
104;01/04/2014;0.42;0.09;0.0032967544531577165;1883.949951;21.074642
105;01/03/2014;0.4;0.08;0.006440044126228274;1872.339966;19.169287
106;01/02/2014;0.33;0.07;0.0036979086509687626;1859.449951;18.794287
107;01/01/2014;0.39;0.07;0.0037202476732360584;1782.589966;17.878571
108;01/12/2013;0.34;0.09;-8.581149788252325e-05;1848.359985;20.036428
109;01/11/2013;0.3;0.08;-0.0020424241905235107;1805.810059;19.859644
110;01/10/2013;0.34;0.09;-0.002575283259804691;1756.540039;18.667856
111;01/09/2013;0.4;0.08;0.0011630044852635846;1681.550049;17.026787
112;01/08/2013;0.36;0.08;0.001202931557047235;1632.969971;17.400715
113;01/07/2013;0.34;0.09;0.00039399753323289094;1685.72998;16.161785
114;01/06/2013;0.33;0.09;0.002399708085599594;1606.280029;14.161786
115;01/05/2013;0.25;0.11;0.0017804077735871229;1630.73999;16.061787
116;01/04/2013;0.23;0.15;-0.0010396394770870773;1597.569946;15.813571
117;01/03/2013;0.26;0.14;0.00261450858437497;1569.189941;15.809286
118;01/02/2013;0.27;0.15;0.008190029529268698;1514.680054;15.764286
119;01/01/2013;0.27;0.14;0.002957304192925998;1498.109985;16.2675
120;01/12/2012;0.26;0.16;-0.0026930644902072552;1426.189941;19.006071
121;01/11/2012;0.27;0.16;-0.0047380866948819305;1416.180054;20.902857
122;01/10/2012;0.28;0.16;-0.0003889251405532391;1412.160034;21.261429
123;01/09/2012;0.26;0.14;0.004462212267611284;1440.670044;23.825001
124;01/08/2012;0.27;0.13;0.0055651581814371515;1406.579956;23.758572
125;01/07/2012;0.25;0.16;-0.0016297858618255136;1379.319946;21.812857
126;01/06/2012;0.29;0.16;-0.0014663968844504888;1362.160034;20.857143
127;01/05/2012;0.29;0.16;-0.0011734793663211866;1310.329956;20.633215
128;01/04/2012;0.29;0.14;0.0030210295040804043;1397.910034;20.856428
129;01/03/2012;0.34;0.13;0.0075945586239309195;1408.469971;21.4125
130;01/02/2012;0.28;0.1;0.004402973551276196;1365.680054;19.372856
131;01/01/2012;0.24;0.08;0.004400191428267552;1312.410034;16.302856
132;01/12/2011;0.26;0.07;-0.0024665163771382787;1257.599976;14.464286
133;01/11/2011;0.25;0.08;-0.0008435613304419754;1246.959961;13.65
134;01/10/2011;0.28;0.07;-0.00206268263335824;1253.300049;14.456429
135;01/09/2011;0.21;0.08;0.001518462115694553;1131.420044;13.618571
136;01/08/2011;0.23;0.1;0.0027575889023644905;1218.890015;13.743929
137;01/07/2011;0.41;0.07;0.0008860456667936161;1292.280029;13.945714
138;01/06/2011;0.41;0.09;-0.001070967056699254;1320.640015;11.988214
139;01/05/2011;0.56;0.09;0.004704187527233567;1345.199951;12.4225
140;01/04/2011;0.73;0.1;0.006439429535457105;1363.609985;12.504643
141;01/03/2011;0.7;0.14;0.009751072030509449;1325.829956;12.446786
142;01/02/2011;0.77;0.16;0.004931365025451402;1327.219971;12.614643
143;01/01/2011;0.61;0.17;0.0047632300539741995;1286.119995;12.118571
144;01/12/2010;0.62;0.18;0.001718440789203095;1257.640015;11.52
145;01/11/2010;0.45;0.19;0.00042064642381949024;1180.550049;11.1125
146;01/10/2010;0.38;0.19;0.001245198888476965;1183.26001;10.749286
147;01/09/2010;0.48;0.19;0.0005817362307155865;1141.199951;10.133929
148;01/08/2010;0.52;0.19;0.0013806642784080442;1049.329956;8.682143
149;01/07/2010;0.62;0.18;0.00021104305737156088;1101.599976;9.1875
150;01/06/2010;0.72;0.18;-0.0009762670846739537;1030.709961;8.983214
151;01/05/2010;0.83;0.2;0.0007751973542377203;1089.410034;9.174286
152;01/04/2010;1.06;0.2;0.0017368849106974003;1186.689941;9.324643
153;01/03/2010;0.96;0.16;0.004106283536571236;1169.430054;8.392857
154;01/02/2010;0.86;0.13;0.00024920738207646074;1104.48999;7.307857
155;01/01/2010;0.93;0.11;0.003417473570148505;1073.869995;6.859286
156;01/12/2009;0.87;0.12;-0.0017611981694633208;1115.099976;7.526071
157;01/11/2009;0.8;0.12;0.0007077533687673528;1095.630005;7.139643
158;01/10/2009;0.95;0.12;0.0009631011858183277;1036.189941;6.732143
159;01/09/2009;0.96;0.15;0.0006254806934958853;1057.079956;6.619643
160;01/08/2009;1.12;0.16;0.0022428500448105843;1020.619995;6.0075
161;01/07/2009;1.02;0.16;-0.0015855869221533055;987.47998;5.835357
162;01/06/2009;1.18;0.21;0.008589892263953396;919.320007;5.086786
163;01/05/2009;0.93;0.18;0.002888763834177384;919.140015;4.850357
164;01/04/2009;0.93;0.15;0.0024963682777879915;872.809998;4.493929
165;01/03/2009;0.93;0.18;0.002431748455415547;797.869995;3.754286
166;01/02/2009;0.98;0.22;0.0049729330359046305;735.090027;3.189643
167;01/01/2009;0.81;0.15;0.004352417375420934;825.880005;3.218929
168;01/12/2008;0.82;0.16;-0.010342473814287408;903.25;3.048214
169;01/11/2008;1.21;0.39;-0.019152895328595883;896.23999;3.309643
170;01/10/2008;1.61;0.97;-0.010101333284578691;968.75;3.8425
171;01/09/2008;2.08;1.81;-0.0013830185406645138;1166.359985;4.059286
172;01/08/2008;2.42;2.0;-0.003991562255641768;1282.829956;6.054643
173;01/07/2008;2.57;2.01;0.005251011128121934;1267.380005;5.676786
174;01/06/2008;2.77;2.0;0.010076996934894165;1280.0;5.98
175;01/05/2008;2.45;1.98;0.008420886031756364;1400.380005;6.741071
176;01/04/2008;2.05;2.28;0.006064778389719456;1385.589966;6.2125
177;01/03/2008;1.62;2.61;0.00866821293098959;1322.699951;5.125
178;01/02/2008;1.97;2.98;0.0029041121849535697;1330.630005;4.465
179;01/01/2008;2.48;3.94;0.00497057647260475;1378.550049;4.834286
180;01/12/2007;3.12;4.24;-0.0006708631296478261;1468.359985;7.074286
181;01/11/2007;3.34;4.49;0.005939617873415713;1481.140015;6.507857
182;01/10/2007;3.97;4.76;0.0021391913281212428;1549.380005;6.783929
183;01/09/2007;4.01;4.94;0.0027559074053589054;1526.75;5.481071
184;01/08/2007;4.31;5.02;-0.0018339022270870478;1473.98999;4.945714
185;01/07/2007;4.82;5.26;-0.0002543772078021678;1455.27002;4.705714
186;01/06/2007;4.98;5.25;0.001937975176605762;1503.349976;4.358571
187;01/05/2007;4.77;5.25;0.006110718674704649;1530.619995;4.328214
188;01/04/2007;4.67;5.25;0.006496162686509034;1482.369995;3.564286
189;01/03/2007;4.57;5.26;0.009105695851085307;1420.859985;3.318214
190;01/02/2007;4.85;5.26;0.0053503675598766814;1406.819946;3.021786
191;01/01/2007;4.88;5.25;0.003052527254707559;1438.23999;3.061786
192;01/12/2006;4.67;5.24;0.0014888337468983194;1418.300049;3.03
193;01/11/2006;4.74;5.25;-0.001486620416253773;1400.630005;3.273571
194;01/10/2006;4.8;5.25;-0.005421389847215349;1377.939941;2.895714
195;01/09/2006;4.77;5.25;-0.004904364884747425;1335.849976;2.749286
196;01/08/2006;4.9;5.25;0.0019656019656019937;1303.819946;2.423214
197;01/07/2006;5.12;5.24;0.002957121734844723;1276.660034;2.427143
198;01/06/2006;5.12;4.99;0.001975308641975337;1270.199951;2.045357
199;01/05/2006;4.97;4.94;0.004962779156327543;1270.089966;2.134643
200;01/04/2006;4.89;4.79;0.00850850850850845;1310.609985;2.513929
201;01/03/2006;4.73;4.59;0.005535983895319692;1294.869995;2.24
202;01/02/2006;4.67;4.49;0.002017145738779512;1280.660034;2.446071
203;01/01/2006;4.4;4.29;0.007621951219512195;1280.079956;2.696786
204;01/12/2005;4.4;4.16;-0.004048582995951331;1248.290039;2.5675
205;01/11/2005;4.42;4.0;-0.008032128514056196;1249.47998;2.422143
206;01/10/2005;4.27;3.78;0.0020120724346075316;1207.01001;2.056786
207;01/09/2005;3.95;3.62;0.012219959266802473;1228.810059;1.914643
208;01/08/2005;4.04;3.5;0.005117707267144319;1220.329956;1.674643
209;01/07/2005;3.87;3.26;0.004627249357326508;1234.180054;1.523214
210;01/06/2005;3.64;3.04;0.0005144032921810407;1191.329956;1.314643
211;01/05/2005;3.64;3.0;-0.0010277492291880198;1191.5;1.42
212;01/04/2005;3.65;2.79;0.006725297465080098;1156.849976;1.287857
213;01/03/2005;3.73;2.63;0.007820646506777893;1180.589966;1.488214
214;01/02/2005;3.38;2.5;0.005768222338752086;1203.599976;1.602143
215;01/01/2005;3.22;2.28;0.0021019442984759706;1181.27002;1.373214
216;01/12/2004;3.01;2.16;-0.003664921465968527;1211.920044;1.15
217;01/11/2004;2.85;1.93;0.0005238344683079849;1173.819946;1.197321
218;01/10/2004;2.58;1.76;0.0052659294365455505;1130.199951;0.935714
219;01/09/2004;2.53;1.61;0.0021108179419525364;1114.579956;0.691964
220;01/08/2004;2.51;1.43;0.0005279831045406246;1104.23999;0.615893
221;01/07/2004;2.64;1.26;-0.0015814443858723404;1101.719971;0.5775
222;01/06/2004;2.76;1.03;0.0031729243786356126;1140.839966;0.581071
223;01/05/2004;2.53;1.0;0.0058510638297872035;1120.680054;0.501071
224;01/04/2004;2.07;1.0;0.0032017075773745694;1107.300049;0.460357
225;01/03/2004;1.58;1.0;0.006444683136412552;1126.209961;0.482857
226;01/02/2004;1.74;1.01;0.005399568034557236;1144.939941;0.427143
227;01/01/2004;1.76;1.0;0.0048833423765598325;1131.130005;0.402857
228;01/12/2003;1.91;0.98;-0.0010840108401083395;1111.920044;0.381607
229;01/11/2003;1.93;1.0;-0.002702702702702703;1058.199951;0.373393
230;01/10/2003;1.75;1.01;-0.0010799136069113858;1050.709961;0.40875
231;01/09/2003;1.71;1.01;0.003250270855904628;995.969971;0.37
232;01/08/2003;1.86;1.03;0.0038064165307231572;1008.01001;0.40375
233;01/07/2003;1.47;1.01;0.0010887316276538763;990.309998;0.376429
234;01/06/2003;1.23;1.22;0.0010899182561307282;974.5;0.340357
235;01/05/2003;1.42;1.26;-0.0016322089227421728;963.590027;0.320536
236;01/04/2003;1.62;1.26;-0.002171552660151885;916.919983;0.253929
237;01/03/2003;1.57;1.25;0.0060076460950300075;848.179993;0.2525
238;01/02/2003;1.63;1.26;0.007705008255366019;841.150024;0.268036
239;01/01/2003;1.74;1.24;0.004422332780541641;855.700012;0.256429
240;01/12/2002;1.84;1.24;-0.0022062879205736663;879.820007;0.255893
241;01/11/2002;1.92;1.34;0.0;936.309998;0.276786
242;01/10/2002;1.91;1.75;0.0016574585635359745;885.76001;0.286964
243;01/09/2002;2.0;1.75;0.0016602102933038815;815.280029;0.258929
244;01/08/2002;2.13;1.74;0.0033314825097167924;916.070007;0.263393
245;01/07/2002;2.56;1.73;0.001111728738187819;911.619995;0.2725
246;01/06/2002;2.99;1.75;0.0005561735261401241;989.820007;0.316429
247;01/05/2002;3.26;1.75;0.0;1067.140015;0.416071
248;01/04/2002;3.42;1.75;0.005592841163310961;1076.920044;0.433393
249;01/03/2002;3.56;1.73;0.00562429696287964;1147.390015;0.422679
250;01/02/2002;3.02;1.74;0.00395256916996057;1106.72998;0.3875
251;01/01/2002;3.03;1.73;0.0022637238256932976;1130.199951;0.441429
252;01/12/2001;3.11;1.82;-0.003945885005637075;1148.079956;0.391071
253;01/11/2001;2.78;2.09;-0.0016882386043893245;1139.449951;0.380357
254;01/10/2001;2.73;2.49;-0.003365114974761765;1059.780029;0.313571
255;01/09/2001;3.12;3.07;0.004507042253521191;1040.939941;0.276964
256;01/08/2001;3.76;3.65;0.0;1133.579956;0.33125
257;01/07/2001;4.04;3.77;-0.0028089887640449437;1211.22998;0.335536
258;01/06/2001;4.08;3.97;0.0016882386043894845;1224.380005;0.415179
259;01/05/2001;4.26;4.21;0.004522328999434612;1255.819946;0.35625
260;01/04/2001;4.23;4.8;0.0039727582292850006;1249.459961;0.455179
261;01/03/2001;4.34;5.31;0.0022753128555175043;1160.329956;0.394107
262;01/02/2001;4.66;5.49;0.0039977155910909026;1239.939941;0.325893
263;01/01/2001;4.76;5.98;0.006321839080459737;1366.01001;0.386161
264;01/12/2000;5.35;6.4;-0.0005743825387707887;1320.280029;0.265625
265;01/11/2000;5.88;6.51;0.0005747126436781283;1314.949951;0.294643
266;01/10/2000;5.91;6.51;0.001727115716753088;1429.400024;0.34933
267;01/09/2000;6.08;6.52;0.005208333333333201;1436.51001;0.459821
268;01/08/2000;6.23;6.5;0.0;1517.680054;1.08817
269;01/07/2000;6.34;6.54;0.002320185614849221;1430.829956;0.907366
270;01/06/2000;6.48;6.53;0.0052478134110787505;1454.599976;0.935268
271;01/05/2000;6.81;6.27;0.0011675423234091572;1420.599976;0.75
272;01/04/2000;6.4;6.02;0.0005841121495328432;1452.430054;1.107701
273;01/03/2000;6.53;5.85;0.008244994110718358;1498.579956;1.212612
274;01/02/2000;6.61;5.73;0.005924170616113744;1366.420044;1.023438
275;01/01/2000;6.44;5.45;0.0029708853238265003;1394.459961;0.926339
276;01/12/1999;6.1;5.3;0.0;1469.25;0.917969
277;01/11/1999;5.86;5.42;0.0005945303210465086;1388.910034;0.873884
278;01/10/1999;5.86;5.2;0.0017867778439546334;1362.930054;0.715402
279;01/09/1999;5.66;5.22;0.004787552363854048;1282.709961;0.56529
280;01/08/1999;5.68;5.07;0.002399520095980838;1320.410034;0.582589
281;01/07/1999;5.55;4.99;0.0030084235860409147;1328.719971;0.49721
282;01/06/1999;5.62;4.76;0.0;1372.709961;0.413504
283;01/05/1999;5.25;4.74;0.0;1301.839966;0.393415
284;01/04/1999;4.98;4.74;0.007272727272727204;1335.180054;0.410714
285;01/03/1999;5.05;4.81;0.00303951367781155;1286.369995;0.320871
286;01/02/1999;4.88;4.76;0.001217285453438762;1238.329956;0.310826
287;01/01/1999;4.62;4.63;0.002440512507626636;1279.640015;0.367746
288;01/12/1998;4.51;4.68;-0.0006097560975609409;1229.22998;0.365513
289;01/11/1998;4.54;4.83;0.0;1163.630005;0.285156
290;01/10/1998;4.09;5.07;0.0024449877750611594;1098.670044;0.331473
291;01/09/1998;4.67;5.51;0.0012239902080782657;1017.01001;0.340402
292;01/08/1998;5.27;5.55;0.0012254901960785359;957.280029;0.27846
293;01/07/1998;5.46;5.54;0.001226993865030605;1120.670044;0.309152
294;01/06/1998;5.52;5.56;0.0012285012285011586;1133.839966;0.256138
295;01/05/1998;5.59;5.49;0.0018461538461539161;1090.819946;0.237723
296;01/04/1998;5.56;5.45;0.0018495684340321295;1111.75;0.24442
297;01/03/1998;5.56;5.49;0.0018529956763433165;1101.75;0.245536
298;01/02/1998;5.42;5.51;0.0018564356435644268;1049.339966;0.210938
299;01/01/1998;5.36;5.56;0.0018598884066954925;980.280029;0.163504
300;01/12/1997;5.72;5.5;-0.0012383900928791866;970.429993;0.117188
301;01/11/1997;5.71;5.52;-0.0006188118811880837;955.400024;0.158482
302;01/10/1997;5.77;5.5;0.0024813895781638073;914.619995;0.152065
303;01/09/1997;5.88;5.54;0.002487562189054585;947.280029;0.193638
304;01/08/1997;5.94;5.54;0.0018691588785047437;899.469971;0.194196
305;01/07/1997;5.89;5.52;0.0012476606363068536;954.309998;0.15625
306;01/06/1997;6.09;5.56;0.0012492192379763714;885.140015;0.127232
307;01/05/1997;6.28;5.5;-0.0006242197253432854;848.280029;0.148438
308;01/04/1997;6.45;5.51;0.001249999999999929;801.340027;0.151786
309;01/03/1997;6.22;5.39;0.002506265664160437;757.119995;0.162946
310;01/02/1997;5.9;5.19;0.0031426775612822125;790.820007;0.145089
311;01/01/1997;6.01;5.25;0.0031525851197982345;786.159973;0.148438
312;01/12/1996;5.78;5.29;0.0;740.73999;0.186384
313;01/11/1996;5.7;5.31;0.0018951358180668537;757.02002;0.215402
314;01/10/1996;5.91;5.24;0.0031685678073510772;705.27002;0.205357
315;01/09/1996;6.23;5.3;0.0031786395422759056;687.330017;0.198103
316;01/08/1996;6.03;5.22;0.0019108280254777794;651.98999;0.216518
317;01/07/1996;6.27;5.4;0.0019144862795150695;639.950012;0.196429
318;01/06/1996;6.3;5.27;0.0006385696040868092;670.630005;0.1875
319;01/05/1996;6.1;5.24;0.0019193857965449964;669.119995;0.233259
320;01/04/1996;5.96;5.22;0.003853564547206312;654.169983;0.217634
321;01/03/1996;5.66;5.31;0.005164622336991497;645.5;0.219308
322;01/02/1996;5.03;5.22;0.003238341968911917;640.429993;0.245536
323;01/01/1996;5.11;5.56;0.005863192182410461;636.02002;0.246652
324;01/12/1995;5.32;5.6;-0.0006510416666666297;615.929993;0.284598
325;01/11/1995;5.48;5.8;-0.0006506180871827868;605.369995;0.340402
326;01/10/1995;5.7;5.76;0.003263707571801567;581.5;0.324219
327;01/09/1995;5.81;5.8;0.0019620667102680377;584.409973;0.332589
328;01/08/1995;5.98;5.74;0.0026229508196721684;561.880005;0.383929
329;01/07/1995;5.78;5.85;0.0;562.059998;0.401786
330;01/06/1995;5.72;6.0;0.0019710906701709027;544.75;0.414621
331;01/05/1995;6.17;6.01;0.001974983541803706;533.400024;0.371094
332;01/04/1995;6.57;6.05;0.0033025099075297223;514.710022;0.341518
333;01/03/1995;6.78;5.98;0.0033134526176275677;500.709991;0.314732
334;01/02/1995;7.11;5.92;0.003992015968063834;487.390015;0.352679
335;01/01/1995;7.51;5.53;0.004008016032064281;470.420013;0.360491
336;01/12/1994;7.59;5.45;0.0;459.269989;0.348214
337;01/11/1994;7.15;5.29;0.0013377926421403923;453.690002;0.332589
338;01/10/1994;6.73;4.76;0.0006693440428379807;472.350006;0.385603
339;01/09/1994;6.39;4.73;0.0026845637583892998;462.709991;0.300781
340;01/08/1994;6.18;4.47;0.00404312668463608;475.48999;0.323103
341;01/07/1994;6.13;4.26;0.002702702702702741;458.26001;0.300781
342;01/06/1994;5.93;4.25;0.003389830508474576;444.269989;0.236607
343;01/05/1994;5.97;4.01;0.0006784260515603414;456.5;0.261161
344;01/04/1994;5.55;3.56;0.001358695652174029;450.910004;0.267857
345;01/03/1994;5.0;3.34;0.003408316291751875;445.769989;0.296875
346;01/02/1994;4.47;3.25;0.0034199726402188786;467.140015;0.325893
347;01/01/1994;4.14;3.05;0.00274348422496555;481.609985;0.292411
348;01/12/1993;4.21;2.96;0.0;466.450012;0.261161
349;01/11/1993;4.16;3.02;0.0006863417982156674;461.790009;0.28125
350;01/10/1993;3.87;2.99;0.004135079255685695;467.829987;0.274554
351;01/09/1993;3.85;3.09;0.0020718232044197715;458.929993;0.208705
352;01/08/1993;4.0;3.03;0.0027700831024931143;463.559998;0.236607
353;01/07/1993;4.07;3.06;0.0;448.130005;0.247768
354;01/06/1993;4.16;3.04;0.0013869625520112141;450.529999;0.352679
355;01/05/1993;3.98;3.0;0.00138888888888881;450.190002;0.50558
356;01/04/1993;3.84;2.96;0.0027855153203343017;440.190002;0.457589
357;01/03/1993;3.95;3.07;0.0034940600978336828;451.670013;0.459821
358;01/02/1993;4.1;3.03;0.003506311360448808;443.380005;0.473214
359;01/01/1993;4.39;3.02;0.004933051444679272;438.779999;0.53125
360;01/12/1992;4.67;2.92;-0.000704225352112636;435.709991;0.533482
361;01/11/1992;4.58;3.09;0.001410437235542938;431.350006;0.513393
362;01/10/1992;4.08;3.1;0.003538570417551309;418.679993;0.46875
363;01/09/1992;3.89;3.22;0.00283889283179564;417.799988;0.402902
364;01/08/1992;4.19;3.3;0.002846975088968012;414.029999;0.410714
365;01/07/1992;4.36;3.25;0.002139800285306786;424.209991;0.417411
366;01/06/1992;5.05;3.76;0.003579098067287044;408.140015;0.428571
367;01/05/1992;5.23;3.82;0.00143369175627232;415.350006;0.533482
368;01/04/1992;5.34;3.73;0.0014357501794686907;414.950012;0.53683
369;01/03/1992;5.69;3.98;0.005050505050505174;403.690002;0.520089
370;01/02/1992;5.21;4.06;0.003620564808110065;412.700012;0.602679
371;01/01/1992;4.96;4.03;0.0014503263234226875;408.779999;0.578125
372;01/12/1991;5.03;4.43;0.0007256894049346466;417.089996;0.503348
373;01/11/1991;5.56;4.81;0.002911208151382865;375.220001;0.453125
374;01/10/1991;5.91;5.21;0.0014577259475219903;392.450012;0.459821
375;01/09/1991;6.18;5.45;0.0043923865300146;387.859985;0.441964
376;01/08/1991;6.43;5.66;0.002936857562408265;395.429993;0.473214
377;01/07/1991;6.92;5.82;0.0014705882352940341;387.809998;0.412946
378;01/06/1991;6.96;5.9;0.0029498525073746733;371.160004;0.370536
379;01/05/1991;6.78;5.78;0.002958579881656847;389.829987;0.419643
380;01/04/1991;6.95;5.91;0.0014814814814813973;375.339996;0.491071
381;01/03/1991;7.1;6.12;0.0014836795252224674;375.220001;0.607143
382;01/02/1991;6.87;6.25;0.0014858841010402456;367.070007;0.511161
383;01/01/1991;7.13;6.91;0.0059790732436471065;343.929993;0.495536
384;01/12/1990;7.31;7.31;0.0;330.220001;0.383929
385;01/11/1990;7.6;7.81;0.0022471910112360403;322.220001;0.328125
386;01/10/1990;7.88;8.11;0.006028636021100312;304.0;0.274554
387;01/09/1990;8.08;8.2;0.00835866261398172;306.049988;0.258929
388;01/08/1990;8.06;8.13;0.009202453987729974;322.559998;0.330357
389;01/07/1990;8.16;8.15;0.0038491147036181675;356.149994;0.375
390;01/06/1990;8.35;8.29;0.005417956656346882;358.019989;0.399554
391;01/05/1990;8.64;8.18;0.0023273855702093324;361.230011;0.368304
392;01/04/1990;8.72;8.26;0.0015540015540016867;330.799988;0.351563
393;01/03/1990;8.63;8.28;0.005468749999999911;339.940002;0.359375
394;01/02/1990;8.37;8.24;0.004709576138147522;331.890015;0.303571
395;01/01/1990;8.09;8.23;0.010309278350515554;329.079987;0.303571
396;01/12/1989;7.78;8.45;0.0015885623510721893;353.399994;0.314732
397;01/11/1989;7.8;8.55;0.0023885350318472243;345.98999;0.395089
398;01/10/1989;7.98;8.84;0.0047999999999999545;340.359985;0.415179
399;01/09/1989;8.28;9.02;0.0032102728731942675;349.149994;0.397321
400;01/08/1989;8.14;8.99;0.0016077170418005516;351.450012;0.397321
401;01/07/1989;7.82;9.24;0.002417405318291792;346.079987;0.354911
402;01/06/1989;8.41;9.53;0.0024232633279482807;317.980011;0.368304
403;01/05/1989;9.02;9.81;0.005686433793663711;320.519989;0.426339
404;01/04/1989;9.45;9.84;0.006541291905151244;309.640015;0.348214
405;01/03/1989;9.68;9.85;0.005756578947368445;294.869995;0.31808
406;01/02/1989;9.37;9.36;0.004128819157720892;288.859985;0.323661
407;01/01/1989;9.18;9.12;0.004979253112033148;297.470001;0.337054
408;01/12/1988;9.09;8.76;0.0016625103906899655;277.720001;0.359375
409;01/11/1988;8.67;8.35;0.0008319467554076066;273.700012;0.335938
410;01/10/1988;8.35;8.3;0.0033388981636060574;278.970001;0.344866
411;01/09/1988;8.46;8.19;0.006722689075630228;271.910004;0.386161
412;01/08/1988;8.63;8.01;0.004219409282700422;261.519989;0.356027
413;01/07/1988;8.28;7.75;0.00423728813559322;272.019989;0.396205
414;01/06/1988;8.03;7.51;0.00425531914893617;273.5;0.412946
415;01/05/1988;8.0;7.09;0.0034158838599488103;262.160004;0.370536
416;01/04/1988;7.59;6.87;0.00515021459227463;261.329987;0.366071
417;01/03/1988;7.27;6.58;0.004310344827586207;258.890015;0.357143
418;01/02/1988;7.18;6.58;0.0025929127052722314;267.820007;0.383929
419;01/01/1988;7.63;6.83;0.0025996533795493684;257.070007;0.370536
420;01/12/1987;7.86;6.77;0.0;247.080002;0.375
421;01/11/1987;7.69;6.69;0.0008673026886384088;230.300003;0.294643
422;01/10/1987;8.4;7.29;0.0026086956521738885;251.789993;0.344866
423;01/09/1987;8.34;7.22;0.005244755244755195;321.829987;0.504464
424;01/08/1987;7.75;6.73;0.00527240773286475;329.799988;0.482143
425;01/07/1987;7.44;6.58;0.0026431718061673756;318.660004;0.368304
426;01/06/1987;7.57;6.73;0.0035366931918656562;304.0;0.361607
427;01/05/1987;7.76;6.85;0.0035492457852705542;290.100006;0.352679
428;01/04/1987;7.02;6.37;0.005352363960749408;288.359985;0.353795
429;01/03/1987;6.42;6.13;0.004480286738351255;291.700012;0.287946
430;01/02/1987;6.4;6.1;0.003597122302158197;284.200012;0.3125
431;01/01/1987;6.23;6.43;0.006334841628959302;274.079987;0.247768
432;01/12/1986;6.27;6.91;0.0009057971014492239;242.169998;0.180804
433;01/11/1986;6.28;6.04;0.0009066183136900138;249.220001;0.178571
434;01/10/1986;6.28;5.85;0.0009074410163338867;243.979996;0.154576
435;01/09/1986;6.35;5.89;0.004557885141294439;231.320007;0.149554
436;01/08/1986;6.33;6.17;0.0018264840182648661;252.929993;0.165179
437;01/07/1986;6.67;6.56;0.0;236.119995;0.139509
438;01/06/1986;7.18;6.92;0.005509641873278184;250.839996;0.160156
439;01/05/1986;7.07;6.85;0.002762430939226624;247.350006;0.165179
440;01/04/1986;6.7;6.99;-0.0018382352941176733;235.520004;0.135045
441;01/03/1986;7.21;7.48;-0.004574565416285453;238.899994;0.126116
442;01/02/1986;7.97;7.86;-0.002737226277372237;226.919998;0.111607
443;01/01/1986;8.14;8.14;0.0027447392497712457;211.779999;0.103237
444;01/12/1985;8.15;8.27;0.0027522935779816255;211.279999;0.098214
445;01/11/1985;8.58;8.05;0.002759889604415797;202.169998;0.089844
446;01/10/1985;8.86;7.99;0.003693444136657486;189.820007;0.083147
447;01/09/1985;8.98;7.92;0.0027777777777777514;182.080002;0.070313
448;01/08/1985;8.94;7.9;0.0018552875695733103;188.630005;0.066964
449;01/07/1985;8.77;7.88;0.0018587360594795805;190.919998;0.070871
450;01/06/1985;8.69;7.53;0.0027958993476234592;191.850006;0.080357
451;01/05/1985;9.39;7.97;0.003741814780168302;189.550003;0.077567
452;01/04/1985;10.09;8.27;0.004699248120300752;179.830002;0.094866
453;01/03/1985;10.71;8.58;0.003773584905660431;180.660004;0.098772
454;01/02/1985;10.17;8.5;0.004739336492890996;181.179993;0.110491
